epoch,train_loss,valid_loss,learning_rate,time_taken
1,73.97924456747286,67.14526815944001,0.001,950.4092210000001
2,61.027068518857995,42.26167918608893,0.001,968.5472811000002
